{
  "Total" : {
    "transaction" : "Total",
    "sampleCount" : 40,
    "errorCount" : 0,
    "errorPct" : 0.0,
    "meanResTime" : 413.52500000000015,
    "medianResTime" : 251.5,
    "minResTime" : 173.0,
    "maxResTime" : 1422.0,
    "pct1ResTime" : 910.1999999999999,
    "pct2ResTime" : 1042.6499999999999,
    "pct3ResTime" : 1422.0,
    "throughput" : 4.191554018652416,
    "receivedKBytesPerSec" : 35.79194173739914,
    "sentKBytesPerSec" : 1.277114115058158
  },
  "POST Login to /authenticate" : {
    "transaction" : "POST Login to /authenticate",
    "sampleCount" : 10,
    "errorCount" : 0,
    "errorPct" : 0.0,
    "meanResTime" : 827.9000000000001,
    "medianResTime" : 712.0,
    "minResTime" : 640.0,
    "maxResTime" : 1422.0,
    "pct1ResTime" : 1384.1000000000001,
    "pct2ResTime" : 1422.0,
    "pct3ResTime" : 1422.0,
    "throughput" : 1.047888504663104,
    "receivedKBytesPerSec" : 17.89597086869957,
    "sentKBytesPerSec" : 0.638557057529079
  },
  "POST Login to /authenticate-0" : {
    "transaction" : "POST Login to /authenticate-0",
    "sampleCount" : 10,
    "errorCount" : 0,
    "errorPct" : 0.0,
    "meanResTime" : 372.20000000000005,
    "medianResTime" : 254.0,
    "minResTime" : 239.0,
    "maxResTime" : 1036.0,
    "pct1ResTime" : 973.3000000000002,
    "pct2ResTime" : 1036.0,
    "pct3ResTime" : 1036.0,
    "throughput" : 1.0938525486764386,
    "receivedKBytesPerSec" : 0.7413414734193831,
    "sentKBytesPerSec" : 0.2766677833078101
  },
  "POST Login to /authenticate-1" : {
    "transaction" : "POST Login to /authenticate-1",
    "sampleCount" : 10,
    "errorCount" : 0,
    "errorPct" : 0.0,
    "meanResTime" : 178.0,
    "medianResTime" : 177.5,
    "minResTime" : 173.0,
    "maxResTime" : 188.0,
    "pct1ResTime" : 187.2,
    "pct2ResTime" : 188.0,
    "pct3ResTime" : 188.0,
    "throughput" : 1.2087513598452797,
    "receivedKBytesPerSec" : 0.7932430798984649,
    "sentKBytesPerSec" : 0.21601708872234981
  },
  "POST Login to /authenticate-2" : {
    "transaction" : "POST Login to /authenticate-2",
    "sampleCount" : 10,
    "errorCount" : 0,
    "errorPct" : 0.0,
    "meanResTime" : 276.0,
    "medianResTime" : 234.0,
    "minResTime" : 196.0,
    "maxResTime" : 472.0,
    "pct1ResTime" : 457.70000000000005,
    "pct2ResTime" : 472.0,
    "pct3ResTime" : 472.0,
    "throughput" : 1.2023566189731876,
    "receivedKBytesPerSec" : 18.930071690513405,
    "sentKBytesPerSec" : 0.2137001022003126
  }
}