{
  "Total" : {
    "transaction" : "Total",
    "sampleCount" : 40,
    "errorCount" : 0,
    "errorPct" : 0.0,
    "meanResTime" : 423.6500000000001,
    "medianResTime" : 292.5,
    "minResTime" : 166.0,
    "maxResTime" : 1614.0,
    "pct1ResTime" : 914.3,
    "pct2ResTime" : 1025.7499999999998,
    "pct3ResTime" : 1614.0,
    "throughput" : 4.173187271778821,
    "receivedKBytesPerSec" : 35.63510693792384,
    "sentKBytesPerSec" : 1.2715179968701094
  },
  "POST Login to /authenticate" : {
    "transaction" : "POST Login to /authenticate",
    "sampleCount" : 10,
    "errorCount" : 0,
    "errorPct" : 0.0,
    "meanResTime" : 848.0,
    "medianResTime" : 720.0,
    "minResTime" : 631.0,
    "maxResTime" : 1614.0,
    "pct1ResTime" : 1555.5000000000002,
    "pct2ResTime" : 1614.0,
    "pct3ResTime" : 1614.0,
    "throughput" : 1.0432968179447053,
    "receivedKBytesPerSec" : 17.81755346896192,
    "sentKBytesPerSec" : 0.6357589984350547
  },
  "POST Login to /authenticate-0" : {
    "transaction" : "POST Login to /authenticate-0",
    "sampleCount" : 10,
    "errorCount" : 0,
    "errorPct" : 0.0,
    "meanResTime" : 338.29999999999995,
    "medianResTime" : 257.0,
    "minResTime" : 241.0,
    "maxResTime" : 964.0,
    "pct1ResTime" : 905.9000000000002,
    "pct2ResTime" : 964.0,
    "pct3ResTime" : 964.0,
    "throughput" : 1.0903936321011884,
    "receivedKBytesPerSec" : 0.738997246756079,
    "sentKBytesPerSec" : 0.27579292061934363
  },
  "POST Login to /authenticate-1" : {
    "transaction" : "POST Login to /authenticate-1",
    "sampleCount" : 10,
    "errorCount" : 0,
    "errorPct" : 0.0,
    "meanResTime" : 219.50000000000003,
    "medianResTime" : 178.5,
    "minResTime" : 166.0,
    "maxResTime" : 325.0,
    "pct1ResTime" : 324.5,
    "pct2ResTime" : 325.0,
    "pct3ResTime" : 325.0,
    "throughput" : 1.1930326890956813,
    "receivedKBytesPerSec" : 0.7829277022190408,
    "sentKBytesPerSec" : 0.21320799033643523
  },
  "POST Login to /authenticate-2" : {
    "transaction" : "POST Login to /authenticate-2",
    "sampleCount" : 10,
    "errorCount" : 0,
    "errorPct" : 0.0,
    "meanResTime" : 288.80000000000007,
    "medianResTime" : 276.0,
    "minResTime" : 214.0,
    "maxResTime" : 491.0,
    "pct1ResTime" : 474.50000000000006,
    "pct2ResTime" : 491.0,
    "pct3ResTime" : 491.0,
    "throughput" : 1.20598166907863,
    "receivedKBytesPerSec" : 18.987144989146167,
    "sentKBytesPerSec" : 0.21434439821514714
  }
}